OBJECTID,GEOID,ALAND,AWATER,NAME,State,County,B17020_001E,B17020_001M,B17020_002E,B17020_002M,B17020_003E,B17020_003M,B17020_004E,B17020_004M,B17020_005E,B17020_005M,B17020_006E,B17020_006M,B17020_007E,B17020_007M,B17020_008E,B17020_008M,B17020_009E,B17020_009M,B17020_010E,B17020_010M,B17020_011E,B17020_011M,B17020_012E,B17020_012M,B17020_013E,B17020_013M,B17020_014E,B17020_014M,B17020_015E,B17020_015M,B17020_016E,B17020_016M,B17020_017E,B17020_017M,B17020_calc_pctPovE,B17020_calc_pctPovM,B17020_calc_numChildPovE,B17020_calc_numChildPovM,B17020_calc_pctChildPovE,B17020_calc_pctChildPovM,Shape__Area,Shape__Length,B17020_calc_numTotChildE,B17020_calc_numTotChildM,Shape__Area_2,Shape__Length_2
1,11001000100,1907610,512798,Census Tract 1,District of Columbia,District of Columbia,5151,348,248,177,18,30,9,15,0,17,185,160,36,40,0,17,0,17,4903,368,285,136,388,196,102,89,2867,240,907,207,177,109,177,104,4.8,3.42079618263208,27,38,3.4,4.61080071943667,3157969.92578125,16275.5930843861,802,257,3157969.92578125,16275.5930843861
2,11001000201,503312,0,Census Tract 2.01,District of Columbia,District of Columbia,24,56,24,56,0,12,0,12,0,12,24,56,0,12,0,12,0,12,0,12,0,12,0,12,0,12,0,12,0,12,0,12,0,12,100,0,0,21,,,832414.1953125,4265.95624132817,0,29,832414.1953125,4265.95624132817
3,11001000202,776630,428562,Census Tract 2.02,District of Columbia,District of Columbia,3595,557,582,307,0,12,0,12,0,12,550,302,15,19,17,27,0,12,3013,412,122,94,159,81,75,64,1731,360,767,160,135,68,24,28,16.2,8.16295463994787,0,21,0,5.89887640449438,1284189.109375,13196.7554343063,356,141,1284189.109375,13196.7554343063
4,11001000300,1010813,2334,Census Tract 3,District of Columbia,District of Columbia,6374,569,1184,447,15,25,0,17,14,22,1122,443,33,39,0,17,0,17,5190,387,451,119,291,144,76,48,3572,348,618,150,117,80,65,85,18.6,6.81400086009345,29,37,3.4,4.29657922015523,1676009.16796875,5244.31385997457,847,196,1676009.16796875,5244.31385997457
5,11001000400,1542760,69,Census Tract 4,District of Columbia,District of Columbia,1485,130,169,66,0,12,9,13,19,21,141,52,0,12,0,12,0,12,1316,126,99,41,106,31,48,28,655,90,297,85,91,46,20,17,11.4,4.33134298627911,28,27,10,9.32900348914502,2552695.71484375,7468.46769033422,281,65,2552695.71484375,7468.46769033422
6,11001000501,940586,30821,Census Tract 5.01,District of Columbia,District of Columbia,3593,306,254,140,37,44,12,18,0,12,177,105,28,32,0,12,0,12,3339,323,166,98,105,81,131,70,2285,264,391,144,182,145,79,69,7.1,3.84967068913828,49,49,10.9,10.2144035653806,1561991.26171875,8755.02811442883,451,153,1561991.26171875,8755.02811442883
7,11001000502,581506,0,Census Tract 5.02,District of Columbia,District of Columbia,3296,184,92,59,0,12,0,12,0,12,74,56,8,13,0,12,10,16,3204,192,140,44,125,53,160,64,2069,190,464,89,201,70,45,45,2.8,1.78325349204526,0,21,0,4.94117647058824,962251.21875,5195.04782210289,425,96,962251.21875,5195.04782210289
8,11001000600,1442822,71,Census Tract 6,District of Columbia,District of Columbia,4777,337,266,130,0,12,19,32,19,33,170,89,48,53,10,17,0,12,4511,346,334,137,368,130,54,40,2573,292,853,186,223,71,106,78,5.6,2.69287197842749,38,48,4.8,5.92466148740433,2388176.9375,6692.09665062309,794,199,2388176.9375,6692.09665062309
9,11001000701,548945,0,Census Tract 7.01,District of Columbia,District of Columbia,5643,394,663,301,16,26,18,31,0,17,490,273,70,79,69,82,0,17,4980,418,224,123,132,75,34,35,2655,353,1313,241,519,160,103,74,11.7,5.27058453658239,34,44,8,9.95888664873272,908405.45703125,4113.24444453833,424,155,908405.45703125,4113.24444453833
10,11001000702,293676,158,Census Tract 7.02,District of Columbia,District of Columbia,3318,267,306,194,0,12,0,12,0,12,306,194,0,12,0,12,0,12,3012,305,144,62,64,57,31,36,2280,281,259,116,180,101,54,61,9.2,5.79960626148982,0,21,0,8.78661087866109,486170.13671875,3519.88066987888,239,94,486170.13671875,3519.88066987888
11,11001000801,2913330,168211,Census Tract 8.01,District of Columbia,District of Columbia,5848,462,604,262,0,17,23,38,15,24,550,260,0,17,16,27,0,17,5244,429,297,151,338,161,325,140,2623,277,1170,231,340,144,151,83,10.3,4.40523490015065,38,48,3.8,4.70196061881732,4821327.5390625,14470.8077142113,998,266,4821327.5390625,14470.8077142113
12,11001000802,1713200,669752,Census Tract 8.02,District of Columbia,District of Columbia,3476,308,464,188,0,12,35,43,0,12,410,183,19,24,0,12,0,12,3012,295,226,129,211,73,226,92,1814,195,275,85,191,81,69,50,13.3,5.27759778054204,35,46,5,6.46221141988817,3164973.97265625,16702.4270601298,698,180,3164973.97265625,16702.4270601298
13,11001000901,2952811,75151,Census Tract 9.01,District of Columbia,District of Columbia,4704,399,330,219,0,17,20,26,27,42,270,205,13,20,0,17,0,17,4374,317,292,83,441,111,396,107,1833,247,977,146,242,93,193,93,7,4.61742817061375,47,52,4,4.37787211609586,5011918.2578125,9122.53554920987,1176,183,5011918.2578125,9122.53554920987
14,11001000902,1867106,307257,Census Tract 9.02,District of Columbia,District of Columbia,2584,196,58,29,0,12,0,12,5,8,38,19,15,18,0,12,0,12,2526,196,130,39,315,73,306,90,1153,142,463,93,120,48,39,37,2.2,1.10930179974925,5,19,0.7,2.51061616632561,3154927.33984375,20593.6486266044,756,124,3154927.33984375,20593.6486266044
15,11001001001,2454383,0,Census Tract 10.01,District of Columbia,District of Columbia,7674,435,382,178,0,17,0,17,0,17,337,169,19,30,25,40,1,4,7292,414,742,209,793,227,511,120,3526,292,1233,174,271,128,216,99,5,2.30229361991971,0,29,0,1.41739980449658,4063753.69140625,8381.00439763226,2046,332,4063753.69140625,8381.00439763226
16,11001001002,889584,137,Census Tract 10.02,District of Columbia,District of Columbia,3512,464,959,311,0,12,0,12,0,12,940,309,0,12,19,31,0,12,2553,440,137,64,116,115,120,114,1869,289,189,92,122,60,0,12,27.3,8.08714716134648,0,21,0,5.63002680965147,1472692.0390625,5087.14354344476,373,175,1472692.0390625,5087.14354344476
17,11001001100,1676582,0,Census Tract 11,District of Columbia,District of Columbia,4878,323,245,147,0,12,0,12,0,12,128,77,93,110,0,12,24,46,4633,302,515,204,260,108,162,70,2521,287,872,189,239,77,64,59,5,2.99512271553981,0,21,0,2.24119530416222,2776587.16015625,7342.65574024836,937,242,2776587.16015625,7342.65574024836
18,11001001200,1218245,0,Census Tract 12,District of Columbia,District of Columbia,5031,429,211,106,0,17,0,17,0,17,189,106,6,7,16,26,0,17,4820,424,362,165,340,155,235,103,3056,318,616,136,152,88,59,49,4.2,2.07636363204426,0,29,0,3.09498399146211,2016913.484375,6317.87741797721,937,250,2016913.484375,6317.87741797721
19,11001001301,2854877,27548,Census Tract 13.01,District of Columbia,District of Columbia,4048,396,178,109,0,12,0,12,34,39,144,98,0,12,0,12,0,12,3870,395,257,165,287,188,138,79,2420,273,541,127,208,89,19,30,4.4,2.65810574187924,34,43,4.7,5.74666385056129,4727255.97265625,11516.0830886886,716,266,4727255.97265625,11516.0830886886
20,11001001302,1592787,15561,Census Tract 13.02,District of Columbia,District of Columbia,7563,740,765,287,26,42,0,17,0,17,630,271,79,68,0,17,30,47,6798,737,201,122,231,213,94,76,4661,732,1197,293,330,173,84,65,10.1,3.66345766363886,26,48,4.7,8.40581361856511,2636889.80078125,8147.36443596191,552,261,2636889.80078125,8147.36443596191
21,11001001401,788163,0,Census Tract 14.01,District of Columbia,District of Columbia,3334,193,204,92,11,19,0,12,9,16,145,71,37,32,2,3,0,12,3130,182,265,99,324,81,183,86,1641,157,571,91,109,65,37,30,6.1,2.7366205013782,20,28,2.5,3.50063131313131,1305565.38671875,5190.98111446845,792,157,1305565.38671875,5190.98111446845
22,11001001402,895209,0,Census Tract 14.02,District of Columbia,District of Columbia,3336,212,189,112,0,12,0,12,0,12,105,87,27,20,14,22,43,51,3147,260,414,116,140,64,188,66,1523,202,417,104,304,108,161,79,5.7,3.33795335178666,0,21,0,2.83018867924528,1482693.4453125,6265.03862556119,742,149,1482693.4453125,6265.03862556119
23,11001001500,4686643,12091,Census Tract 15,District of Columbia,District of Columbia,5869,315,228,160,0,17,34,52,35,53,111,97,27,43,21,33,0,17,5641,318,279,128,716,145,730,189,2257,219,1110,188,306,112,243,99,3.9,2.71820326246029,69,76,3.8,4.19433722563979,7777366.15625,16233.8897036376,1794,281,7777366.15625,16233.8897036376
24,11001001600,2665665,35624,Census Tract 16,District of Columbia,District of Columbia,4661,345,183,95,0,12,0,12,0,12,119,76,14,18,40,41,10,16,4478,345,422,113,310,83,368,164,2242,225,756,151,301,98,79,51,3.9,2.01736476876828,0,21,0,1.90909090909091,4419445.15234375,14644.7830792718,1100,217,4419445.15234375,14644.7830792718
25,11001001702,939294,0,Census Tract 17.02,District of Columbia,District of Columbia,3186,321,167,87,0,12,0,12,0,12,137,74,18,22,12,17,0,12,3019,331,185,100,169,57,112,58,1892,256,532,113,70,44,59,36,5.2,2.67914122056813,0,21,0,4.50643776824034,1556192.17578125,6252.85681638089,466,131,1556192.17578125,6252.85681638089
26,11001001803,1136289,31934,Census Tract 18.03,District of Columbia,District of Columbia,4176,400,856,340,142,98,78,57,14,18,490,196,83,81,31,33,18,19,3320,455,392,131,278,100,209,118,1975,301,311,98,80,43,75,52,20.5,7.90147362485022,234,115,21,9.35104354712066,1882736.171875,8557.65035419445,1113,233,1882736.171875,8557.65035419445
27,11001001804,601755,0,Census Tract 18.04,District of Columbia,District of Columbia,5614,640,1366,495,229,153,159,127,65,75,633,217,224,151,31,36,25,27,4248,536,362,195,262,126,325,148,2629,333,459,168,134,70,77,69,24.3,8.36955322431986,453,213,32.3,12.9076710344837,996833.94921875,4392.95727757238,1402,348,996833.94921875,4392.95727757238
28,11001001901,769306,0,Census Tract 19.01,District of Columbia,District of Columbia,4065,396,466,288,0,12,66,65,129,147,138,96,65,49,31,36,37,41,3599,426,309,109,260,110,149,59,2230,295,411,111,197,79,43,26,11.5,6.99630196376517,195,161,21.4,16.7810697937584,1274313.40625,4676.24009974069,913,231,1274313.40625,4676.24009974069
29,11001001902,877350,0,Census Tract 19.02,District of Columbia,District of Columbia,2491,248,225,171,26,39,24,32,41,35,99,73,12,14,17,15,6,9,2266,208,147,49,64,33,79,48,1438,145,303,81,109,44,126,38,9,6.80555729538819,91,61,23.9,14.7885642205552,1453243.828125,5138.57067207347,381,98,1453243.828125,5138.57067207347
30,11001002001,632723,1107,Census Tract 20.01,District of Columbia,District of Columbia,3150,352,385,136,8,11,23,24,32,30,203,90,105,69,10,11,4,6,2765,356,299,105,173,77,178,93,1495,211,440,113,155,77,25,17,12.2,4.09574112759705,63,40,8.8,5.22779279566848,1047951.15234375,5383.76979282423,713,165,1047951.15234375,5383.76979282423
31,11001002002,849377,0,Census Tract 20.02,District of Columbia,District of Columbia,4177,632,518,291,85,80,29,45,98,111,280,137,25,32,0,12,1,4,3659,613,224,103,267,117,231,162,2292,375,472,114,105,68,68,62,12.4,6.70928222874413,212,144,22.7,13.985427198659,1406462.27734375,5636.11172525434,934,267,1406462.27734375,5636.11172525434
32,11001002101,600991,0,Census Tract 21.01,District of Columbia,District of Columbia,4819,663,484,251,0,12,0,12,42,66,366,214,22,33,37,40,17,28,4335,666,269,183,178,126,199,217,2637,428,839,196,63,51,150,102,10,5.02191376800442,42,68,6.1,9.47314806171788,995264.33984375,4105.78624726881,688,318,995264.33984375,4105.78624726881
33,11001002102,726388,0,Census Tract 21.02,District of Columbia,District of Columbia,5177,425,689,215,17,28,41,38,30,33,416,152,94,67,57,48,34,25,4488,495,218,105,194,86,309,144,2935,387,543,129,139,59,150,70,13.3,4.00668888451749,88,58,10.9,6.609770547878,1202925.97265625,4565.9237237103,809,206,1202925.97265625,4565.9237237103
34,11001002201,415172,0,Census Tract 22.01,District of Columbia,District of Columbia,2930,429,207,119,0,12,0,12,0,12,112,90,18,24,46,71,31,47,2723,432,203,104,115,78,69,56,1584,325,455,114,193,89,104,59,7.1,3.9274978219698,0,21,0,5.42635658914729,687407.7109375,3314.36982012254,387,143,687407.7109375,3314.36982012254
35,11001002202,693964,566,Census Tract 22.02,District of Columbia,District of Columbia,3347,382,492,236,62,72,37,49,0,12,255,147,81,68,37,39,20,22,2855,422,295,135,199,106,146,99,1854,315,258,87,66,40,37,33,14.7,6.84858853237117,99,88,13.4,11.2405440691954,1149936.546875,4296.8794175813,739,217,1149936.546875,4296.8794175813
36,11001002301,412610,0,Census Tract 23.01,District of Columbia,District of Columbia,3616,389,310,157,35,39,0,12,40,43,209,101,11,16,15,20,0,12,3306,411,289,87,179,66,202,127,2131,358,318,102,91,41,96,50,8.6,4.24273290006987,75,59,10.1,7.54426283092572,683042.5703125,3688.34870396235,745,178,683042.5703125,3688.34870396235
37,11001002302,2010230,5298,Census Tract 23.02,District of Columbia,District of Columbia,1460,215,332,151,10,14,0,12,0,12,215,147,36,29,28,31,43,39,1128,188,61,40,24,22,14,20,685,145,117,63,100,55,127,83,22.7,9.78535055846361,10,22,9.2,19.6527134435631,3335728.08984375,7562.48440833315,109,54,3335728.08984375,7562.48440833315
38,11001002400,556234,0,Census Tract 24,District of Columbia,District of Columbia,4029,430,302,105,0,12,0,12,10,15,247,99,36,37,0,12,9,14,3727,407,295,114,135,72,83,56,2564,307,435,126,129,67,86,40,7.5,2.48028506068323,10,23,1.9,4.36482734713847,920776.640625,4191.97618481785,523,148,920776.640625,4191.97618481785
39,11001002501,543460,0,Census Tract 25.01,District of Columbia,District of Columbia,3133,317,468,176,0,12,52,55,0,12,177,107,128,72,111,70,0,12,2665,358,240,124,181,68,113,56,1809,334,229,81,47,31,46,37,14.9,5.41047691694685,52,58,8.9,9.58445617175694,899709.9453125,3995.76821099085,586,163,899709.9453125,3995.76821099085
40,11001002502,603721,0,Census Tract 25.02,District of Columbia,District of Columbia,6362,650,907,368,101,142,36,48,22,42,464,180,223,124,21,25,40,57,5455,802,426,205,282,160,67,78,3736,545,671,187,226,111,47,52,14.3,5.59794842547445,159,156,17,15.7010229143291,999312.62890625,4161.41850313403,934,313,999312.62890625,4161.41850313403
41,11001002600,2112346,62657,Census Tract 26,District of Columbia,District of Columbia,2518,203,102,56,25,26,0,12,0,12,59,43,11,17,7,11,0,12,2416,197,192,60,151,54,88,44,1385,126,405,73,84,33,111,48,4.1,2.19987893916015,25,31,5.5,6.69674008127987,3500170.4140625,13576.9243755268,456,97,3500170.4140625,13576.9243755268
42,11001002701,452924,0,Census Tract 27.01,District of Columbia,District of Columbia,6000,716,942,535,259,293,96,106,0,17,451,220,63,44,73,71,0,17,5058,715,503,216,194,129,222,197,3599,559,518,150,22,28,0,17,15.7,8.7176153444238,355,312,27.9,22.4517619829982,749604.0703125,4358.52046849197,1274,447,749604.0703125,4358.52046849197
43,11001002702,486440,7801,Census Tract 27.02,District of Columbia,District of Columbia,6302,555,720,284,54,88,0,17,13,21,511,229,142,102,0,17,0,17,5582,580,514,164,204,80,134,98,4119,475,510,192,53,81,48,57,11.4,4.39274738670484,67,92,7.3,9.84764724687846,804951.69921875,4658.91824276837,919,227,804951.69921875,4658.91824276837
44,11001002801,171911,0,Census Tract 28.01,District of Columbia,District of Columbia,4145,514,874,339,151,101,160,96,53,49,440,166,22,21,36,46,12,14,3271,530,190,127,105,74,102,70,2545,426,281,81,21,20,27,26,21.1,7.74929390491641,364,148,47.8,13.6958687898097,284523.47265625,2221.07076744405,761,220,284523.47265625,2221.07076744405
45,11001002802,229695,0,Census Tract 28.02,District of Columbia,District of Columbia,4618,448,926,372,56,64,167,128,116,140,392,186,65,51,63,56,67,49,3692,454,275,155,179,124,52,51,2803,369,313,107,70,49,0,12,20.1,7.81702884022684,339,200,40.1,19.3740252979222,380102.59765625,2705.92837101211,845,286,380102.59765625,2705.92837101211
46,11001002900,300647,0,Census Tract 29,District of Columbia,District of Columbia,4454,407,374,159,32,47,49,47,42,46,234,96,9,15,0,12,8,12,4080,417,223,88,176,89,114,59,3238,357,289,92,40,30,0,12,8.4,3.48638771617142,123,81,19.3,11.770887703064,497576.87109375,2987.90921144749,636,160,497576.87109375,2987.90921144749
47,11001003000,210638,0,Census Tract 30,District of Columbia,District of Columbia,3271,289,560,197,33,53,0,12,111,89,347,140,12,16,57,51,0,12,2711,324,136,101,89,57,54,43,1979,249,324,115,61,55,68,83,17.1,5.82958166876951,144,104,34,20.8660164137887,348559.69140625,2415.29800286589,423,162,348559.69140625,2415.29800286589
48,11001003100,296909,0,Census Tract 31,District of Columbia,District of Columbia,3282,305,317,143,37,40,50,56,0,12,158,70,41,40,31,42,0,12,2965,370,90,59,120,105,128,74,2193,273,320,106,44,32,70,55,9.7,4.26364071332258,87,70,20.5,14.6094237965712,491347.421875,3342.48544633119,425,158,491347.421875,3342.48544633119
49,11001003200,445441,0,Census Tract 32,District of Columbia,District of Columbia,4810,648,619,374,22,34,39,44,36,57,440,325,62,69,10,16,10,15,4191,589,173,99,150,73,138,70,3117,447,453,179,89,52,71,57,12.9,7.57972043953407,97,80,17.4,13.4128640379064,737177.328125,3942.73318606786,558,162,737177.328125,3942.73318606786
50,11001003301,442120,0,Census Tract 33.01,District of Columbia,District of Columbia,4066,389,267,164,0,12,0,12,0,12,264,164,1,5,2,5,0,12,3799,400,187,83,117,93,130,80,2858,303,289,112,128,64,90,75,6.6,3.98422102367724,0,21,0,4.83870967741936,731439.7734375,4252.14861688326,434,150,731439.7734375,4252.14861688326
51,11001003302,204236,0,Census Tract 33.02,District of Columbia,District of Columbia,2256,252,285,128,0,12,48,75,0,12,171,74,50,44,6,8,10,12,1971,233,121,59,23,25,19,23,1621,203,150,64,28,30,9,13,12.6,5.49547541936541,48,77,22.7,34.7799885896783,337824.3359375,2464.85592053074,211,103,337824.3359375,2464.85592053074
52,11001003400,917526,159593,Census Tract 34,District of Columbia,District of Columbia,2846,422,485,164,48,75,0,12,34,41,256,116,89,73,58,52,0,12,2361,420,146,108,60,69,115,77,1679,303,296,134,65,61,0,12,17,5.17889819058003,82,86,20.3,19.4876890072569,1782029.9921875,6180.46671843602,403,173,1782029.9921875,6180.46671843602
53,11001003500,381869,0,Census Tract 35,District of Columbia,District of Columbia,2938,434,591,282,103,142,64,84,29,22,229,85,115,63,20,18,31,34,2347,367,81,67,141,100,45,36,1738,237,321,123,11,11,10,11,20.1,9.12682353406457,196,166,42.3,30.3719297990563,631797.2109375,3840.5900187273,463,209,631797.2109375,3840.5900187273
54,11001003600,305616,0,Census Tract 36,District of Columbia,District of Columbia,4821,521,738,315,0,12,37,58,36,57,529,216,86,78,50,74,0,12,4083,476,201,146,112,83,0,12,3516,365,182,121,72,83,0,12,15.3,6.32101695410163,73,82,18.9,19.1604413208843,505654.2734375,2951.05111629594,386,187,505654.2734375,2951.05111629594
55,11001003700,292371,0,Census Tract 37,District of Columbia,District of Columbia,5762,659,1209,471,202,206,217,110,176,223,498,191,94,72,10,18,12,21,4553,645,380,292,281,277,85,135,3488,412,240,147,79,50,0,17,21,7.81405804699416,595,323,44.4,16.3797434849371,483729.546875,2959.74121078069,1341,533,483729.546875,2959.74121078069
56,11001003800,356114,0,Census Tract 38,District of Columbia,District of Columbia,5259,376,548,253,0,17,50,76,0,17,386,208,94,75,18,28,0,17,4711,354,227,119,170,95,113,132,3596,279,555,203,50,58,0,17,10.4,4.7527636135045,50,80,8.9,13.8643185535417,589169.5078125,3485.4960692215,560,217,589169.5078125,3485.4960692215
57,11001003900,379810,10579,Census Tract 39,District of Columbia,District of Columbia,4611,385,382,223,0,12,0,12,0,12,313,164,69,81,0,12,0,12,4229,306,146,55,29,30,15,23,3437,330,463,127,139,109,0,12,8.3,4.78653708496785,0,21,0,11.0526315789474,628648.796875,4298.67855161558,190,70,628648.796875,4298.67855161558
58,11001004001,271210,2414,Census Tract 40.01,District of Columbia,District of Columbia,4282,488,149,66,0,12,0,12,0,12,136,64,13,21,0,12,0,12,4133,486,110,57,126,49,92,31,3115,533,471,180,106,68,113,69,3.5,1.48944737921987,0,21,0,6.40243902439024,448738.96484375,3008.33391906519,328,84,448738.96484375,3008.33391906519
59,11001004002,194755,0,Census Tract 40.02,District of Columbia,District of Columbia,3163,287,117,45,0,12,0,12,0,12,79,40,38,31,0,12,0,12,3046,289,114,70,49,55,46,36,2455,232,223,82,128,54,31,30,3.7,1.38254231067928,0,21,0,10.0478468899522,322181.1875,2727.63466095514,209,98,322181.1875,2727.63466095514
60,11001004100,788961,23020,Census Tract 41,District of Columbia,District of Columbia,2658,253,135,76,0,12,0,12,7,12,119,72,0,12,9,15,0,12,2523,247,144,50,53,33,68,57,1494,206,678,143,86,46,0,12,5.1,2.81812679431771,7,21,2.6,7.67744845304317,1305246.046875,6629.37749047356,272,85,1305246.046875,6629.37749047356
61,11001004201,204529,0,Census Tract 42.01,District of Columbia,District of Columbia,3724,320,114,69,0,12,0,12,0,12,78,55,10,16,26,29,0,12,3610,328,158,92,11,19,17,26,3163,344,181,102,80,49,0,12,3.1,1.83407889274563,0,21,0,11.2903225806452,338330.859375,2370.51311033107,186,100,338330.859375,2370.51311033107
62,11001004202,207646,0,Census Tract 42.02,District of Columbia,District of Columbia,2450,249,122,53,0,12,0,12,0,12,107,50,13,19,2,4,0,12,2328,248,69,56,27,29,0,12,1860,209,300,92,60,52,12,18,5,2.10323336262177,0,21,0,21.875,343461.81640625,2697.82919285117,96,67,343461.81640625,2697.82919285117
63,11001004300,236694,0,Census Tract 43,District of Columbia,District of Columbia,4033,333,360,186,16,27,13,21,69,80,153,99,95,88,0,12,14,24,3673,366,175,64,74,30,49,49,2871,286,408,139,80,56,16,26,8.9,4.55267719963352,98,87,24.7,20.6019106923012,391545.59375,2631.66434981255,396,122,391545.59375,2631.66434981255
64,11001004400,521739,0,Census Tract 44,District of Columbia,District of Columbia,5378,458,425,159,0,17,0,17,22,36,227,86,46,39,45,74,85,77,4953,501,232,81,91,68,17,27,4210,450,308,118,69,56,26,41,7.9,2.87887222309432,22,43,6.1,11.7124949553378,863084.86328125,3786.79653265429,362,117,863084.86328125,3786.79653265429
65,11001004600,437142,0,Census Tract 46,District of Columbia,District of Columbia,2863,288,487,220,36,60,64,80,53,48,252,123,73,57,9,12,0,12,2376,268,83,52,21,37,1,22,1794,251,332,153,97,59,48,41,17,7.4913114956194,153,111,59.3,30.9879932468564,722987.859375,3740.89920163845,258,130,722987.859375,3740.89920163845
66,11001004701,324650,0,Census Tract 47.01,District of Columbia,District of Columbia,4888,499,1237,421,63,83,88,142,76,73,828,301,157,94,25,37,0,12,3651,475,470,247,372,89,41,66,2253,325,339,151,153,106,23,28,25.3,8.21633150236947,227,180,20.5,15.0639958060709,536852.0390625,3752.13607027021,1110,325,536852.0390625,3752.13607027021
67,11001004702,326358,0,Census Tract 47.02,District of Columbia,District of Columbia,2900,224,390,148,21,34,58,60,7,10,253,81,51,41,0,12,0,12,2510,183,82,47,57,30,79,51,2161,162,100,39,25,28,6,8,13.4,4.99661434885102,86,70,28.3,20.9438483316228,539628.15234375,3777.09097470688,304,103,539628.15234375,3777.09097470688
68,11001004801,317491,0,Census Tract 48.01,District of Columbia,District of Columbia,2716,284,175,67,0,12,0,12,0,12,79,46,63,41,24,21,9,14,2541,292,108,87,63,53,139,70,1952,233,181,79,69,35,29,20,6.4,2.37307357249773,0,21,0,6.7741935483871,525125.75,3164.48193165416,310,125,525125.75,3164.48193165416
69,11001004802,286804,0,Census Tract 48.02,District of Columbia,District of Columbia,3528,357,666,303,78,86,66,46,42,46,286,197,139,78,27,32,28,45,2862,321,10,29,101,79,109,90,2324,260,190,79,110,52,18,21,18.9,8.37330578227025,186,108,45.8,19.1425857993238,474298.3671875,2817.57282838942,406,164,474298.3671875,2817.57282838942
70,11001004901,271887,0,Census Tract 49.01,District of Columbia,District of Columbia,2830,309,432,182,36,56,44,35,52,69,254,102,37,30,0,12,9,13,2398,294,123,53,77,53,45,27,1842,262,274,84,18,22,19,28,15.3,6.21135627267026,132,96,35,22.695787792,449697.41796875,2718.44917828593,377,124,449697.41796875,2718.44917828593
71,11001004902,263884,0,Census Tract 49.02,District of Columbia,District of Columbia,3147,406,555,189,11,18,54,48,18,35,404,150,35,36,33,38,0,12,2592,424,135,95,47,61,14,26,2174,306,198,73,24,20,0,12,17.6,5.55805654755936,83,62,29.7,17.2646400266351,436391.6875,2640.11585110143,279,131,436391.6875,2640.11585110143
72,11001005001,204438,0,Census Tract 50.01,District of Columbia,District of Columbia,2075,233,178,88,0,12,0,12,0,12,152,79,15,30,11,17,0,12,1897,207,195,40,0,12,0,12,1567,197,85,44,28,28,22,21,8.6,4.13012358825581,0,21,0,10.7692307692308,338137.07421875,2736.38756068012,195,48,338137.07421875,2736.38756068012
73,11001005002,233823,0,Census Tract 50.02,District of Columbia,District of Columbia,5986,635,703,173,0,17,0,17,0,17,382,153,307,139,0,17,14,22,5283,654,360,206,197,159,93,77,4275,469,333,107,12,21,13,21,11.7,2.60777191645538,0,29,0,4.46153846153846,386694.28515625,2904.23320720805,650,273,386694.28515625,2904.23320720805
74,11001005201,339712,0,Census Tract 52.01,District of Columbia,District of Columbia,6263,537,444,202,0,17,0,17,0,17,365,171,53,60,26,40,0,17,5819,588,152,118,0,17,0,17,5164,541,456,159,47,75,0,17,7.1,3.16749581526959,0,29,0,19.0789473684211,561858.34765625,3426.07746278379,152,124,561858.34765625,3426.07746278379
75,11001005301,286399,0,Census Tract 53.01,District of Columbia,District of Columbia,4898,360,506,181,0,12,0,12,0,12,475,177,31,36,0,12,0,12,4392,341,167,136,56,54,20,33,3529,286,451,128,77,58,92,76,10.3,3.61653629764377,0,21,0,8.64197530864198,473686.70703125,2987.54097834318,243,151,473686.70703125,2987.54097834318
76,11001005500,629386,9350,Census Tract 55,District of Columbia,District of Columbia,6613,555,1360,403,0,17,81,129,0,17,1186,354,89,84,2,4,2,4,5253,564,194,162,68,103,34,53,4053,530,548,175,265,139,91,73,20.6,5.84453062566378,81,131,21.5,31.9754378068719,1040958.07421875,6034.78109544626,377,238,1040958.07421875,6034.78109544626
77,11001005600,457260,7186,Census Tract 56,District of Columbia,District of Columbia,4907,439,1107,276,0,17,0,17,0,17,875,250,119,84,113,85,0,17,3800,434,143,87,0,17,48,64,2569,409,638,190,298,132,104,86,22.6,5.25003794118711,0,29,0,15.1832460732984,756078.25390625,4656.36961329341,191,113,756078.25390625,4656.36961329341
78,11001005800,914535,0,Census Tract 58,District of Columbia,District of Columbia,3039,272,519,221,0,12,24,32,0,12,345,146,113,87,0,12,37,54,2520,215,107,58,8,14,16,16,1995,178,326,104,43,38,25,26,17.1,7.10967273899602,24,36,15.5,22.0942998379171,1512042.34765625,5330.76158547683,155,72,1512042.34765625,5330.76158547683
79,11001005900,642060,0,Census Tract 59,District of Columbia,District of Columbia,2367,228,529,133,0,12,0,12,0,12,404,118,103,49,22,28,0,12,1838,233,11,16,12,18,0,12,1690,216,114,57,11,14,0,12,22.3,5.19018288957396,0,21,0,91.304347826087,1061500.94921875,4353.22963261432,23,34,1061500.94921875,4353.22963261432
80,11001006202,6539774,4970897,Census Tract 62.02,District of Columbia,District of Columbia,72,100,0,12,0,12,0,12,0,12,0,12,0,12,0,12,0,12,72,100,0,12,0,12,0,12,72,100,0,12,0,12,0,12,0,16.6666666666667,0,21,,,10900149.796875,47557.7877851186,0,29,10900149.796875,47557.7877851186
81,11001006400,688026,246481,Census Tract 64,District of Columbia,District of Columbia,2488,265,1229,281,129,95,142,81,101,60,685,199,120,60,40,34,12,19,1259,229,57,57,23,29,39,37,855,224,202,86,67,39,16,17,49.4,9.99387061376236,372,139,75.8,14.6312010103851,1136565.2265625,5127.77108220228,491,157,1136565.2265625,5127.77108220228
82,11001006500,504907,0,Census Tract 65,District of Columbia,District of Columbia,2590,284,338,158,0,12,5,8,25,30,300,151,8,13,0,12,0,12,2252,278,174,87,103,60,29,23,1558,255,323,105,51,33,14,22,13.1,5.93017608855479,30,33,8.9,9.35283506991087,834463.21875,4369.20970260649,336,113,834463.21875,4369.20970260649
83,11001006600,287216,0,Census Tract 66,District of Columbia,District of Columbia,2028,207,74,65,0,12,0,12,0,12,6,8,30,46,38,46,0,12,1954,200,133,58,65,47,113,65,1200,160,228,83,193,79,22,38,3.6,3.1834146710894,0,21,0,6.7524115755627,474737.01953125,3409.98195541117,311,101,474737.01953125,3409.98195541117
84,11001006700,428319,0,Census Tract 67,District of Columbia,District of Columbia,4311,261,168,77,0,12,0,12,0,12,124,56,15,17,0,12,29,47,4143,271,314,92,175,61,94,51,2728,244,602,129,154,68,76,37,3.9,1.77047715965374,0,21,0,3.60205831903945,707961.2109375,3882.25659421235,583,123,707961.2109375,3882.25659421235
85,11001006801,244792,0,Census Tract 68.01,District of Columbia,District of Columbia,2302,235,250,74,0,12,0,12,0,12,214,69,19,19,0,12,17,19,2052,226,185,61,65,31,31,35,1495,181,174,67,87,38,15,16,10.9,3.01736755439537,0,21,0,7.47330960854093,404610.77734375,2648.2348473604,281,80,404610.77734375,2648.2348473604
86,11001006802,280108,0,Census Tract 68.02,District of Columbia,District of Columbia,2509,159,188,126,0,12,4,7,22,35,143,94,19,17,0,12,0,12,2321,143,221,68,157,75,47,42,1650,114,133,54,59,41,54,32,7.5,4.99942114158382,26,38,5.8,8.29285519818217,462925.69140625,3235.14941856345,451,116,462925.69140625,3235.14941856345
87,11001006804,1542276,477746,Census Tract 68.04,District of Columbia,District of Columbia,247,194,116,150,0,12,0,12,0,12,100,113,16,37,0,12,0,12,131,109,12,11,28,43,14,21,68,51,9,19,0,12,0,12,47,48.2428941084531,0,21,0,38.8888888888889,2548976.09765625,13856.2377477854,54,53,2548976.09765625,13856.2377477854
88,11001006900,398513,0,Census Tract 69,District of Columbia,District of Columbia,2379,271,88,53,0,12,0,12,0,12,71,50,17,18,0,12,0,12,2291,270,212,94,135,76,84,55,1575,174,243,105,0,12,42,36,3.7,2.18761516041399,0,21,0,4.87238979118329,658622.65625,3633.89990466157,431,134,658622.65625,3633.89990466157
89,11001007000,423352,0,Census Tract 70,District of Columbia,District of Columbia,2361,230,98,58,0,12,0,12,0,12,67,49,12,20,19,23,0,12,2263,222,222,90,54,43,68,62,1537,189,303,77,40,29,39,31,4.2,2.42307932532961,0,21,0,6.1046511627907,699627.2734375,3750.00028412346,344,119,699627.2734375,3750.00028412346
90,11001007100,602224,149901,Census Tract 71,District of Columbia,District of Columbia,3425,437,1397,543,177,111,162,156,132,92,859,365,30,32,29,28,8,12,2028,503,211,143,103,127,101,131,1377,237,184,101,31,25,21,24,40.8,14.9755047614963,471,212,53.2,14.7005497546428,995310.80078125,4606.81468594005,886,314,995310.80078125,4606.81468594005
91,11001007200,1368066,312407,Census Tract 72,District of Columbia,District of Columbia,5054,310,526,205,0,17,0,17,33,43,303,134,104,59,41,41,45,59,4528,355,278,133,95,72,0,17,3871,263,248,86,28,32,8,13,10.4,4.00564325559624,33,49,8.1,11.6393594426661,2260520.6328125,7159.62029561102,406,160,2260520.6328125,7159.62029561102
92,11001007301,4584798,5139019,Census Tract 73.01,District of Columbia,District of Columbia,3948,376,174,217,49,68,26,51,13,26,86,87,0,12,0,12,0,12,3774,392,1061,170,339,101,160,98,2128,222,86,53,0,12,0,12,4.4,5.48040343675716,88,89,5.3,5.34600593890743,7573155.875,23793.7396234589,1648,238,7573155.875,23793.7396234589
93,11001007304,1240397,11701,Census Tract 73.04,District of Columbia,District of Columbia,3419,412,1158,440,146,131,140,97,153,109,618,261,87,76,14,20,0,12,2261,372,204,115,179,87,67,65,1392,271,308,112,81,49,30,34,33.9,12.2049231512651,439,196,49.4,17.0322564200632,2066868.390625,7099.84814149675,889,252,2066868.390625,7099.84814149675
94,11001007401,1210265,200992,Census Tract 74.01,District of Columbia,District of Columbia,2262,199,1462,233,189,97,225,91,159,52,771,149,81,48,26,27,11,14,800,195,59,51,89,44,109,54,394,116,112,39,30,23,7,9,64.6,8.58899904508434,573,143,69,10.216869814162,1999081.65234375,7750.13262805173,830,167,1999081.65234375,7750.13262805173
95,11001007403,330203,0,Census Tract 74.03,District of Columbia,District of Columbia,3187,373,1269,429,108,92,274,153,123,99,691,239,58,54,15,22,0,12,1918,419,130,114,132,100,247,108,1241,284,168,63,0,12,0,12,39.8,12.6285047087422,505,204,49.8,14.8535452013599,545192.16796875,4102.46778650382,1014,276,545192.16796875,4102.46778650382
96,11001007404,813212,0,Census Tract 74.04,District of Columbia,District of Columbia,4307,596,1312,508,212,148,295,188,204,128,489,207,104,63,8,15,0,12,2995,701,328,195,291,237,293,136,1805,400,265,101,7,11,6,10,30.5,11.0157743895303,711,271,43.8,11.9627357611468,1342748.7265625,6448.92063716058,1623,432,1342748.7265625,6448.92063716058
97,11001007406,360152,0,Census Tract 74.06,District of Columbia,District of Columbia,3246,551,1573,520,363,188,210,126,180,118,772,281,40,43,8,12,0,12,1673,355,238,133,135,93,231,139,930,226,110,65,17,26,12,15,48.5,13.7464879300703,753,255,55.5,12.9527979458479,594754.12109375,3303.18825383339,1357,333,594754.12109375,3303.18825383339
98,11001007407,604673,0,Census Tract 74.07,District of Columbia,District of Columbia,3271,328,780,298,153,107,76,80,98,77,358,147,67,52,28,31,0,12,2491,350,230,137,163,75,224,116,1515,243,287,106,62,36,10,15,23.8,8.79096787361161,327,154,34.6,13.5403329494436,998609.296875,6011.0336876586,944,248,998609.296875,6011.0336876586
99,11001007408,376318,58,Census Tract 74.08,District of Columbia,District of Columbia,2994,397,1574,370,319,136,344,168,264,143,571,130,66,42,10,14,0,12,1420,340,163,117,76,66,37,40,828,254,166,65,150,69,0,12,52.6,10.204279229011,927,259,77.1,10.3407608476068,621494.88671875,5008.03700949006,1203,295,621494.88671875,5008.03700949006
100,11001007409,397785,0,Census Tract 74.09,District of Columbia,District of Columbia,4000,442,1163,421,131,95,304,212,129,91,482,218,101,73,16,17,0,12,2837,427,317,140,286,132,195,134,1716,306,256,100,50,33,17,26,29.1,10.0226554106107,564,249,41.4,15.0304727117311,656714.90625,3911.42467959881,1362,342,656714.90625,3911.42467959881
101,11001007502,615798,0,Census Tract 75.02,District of Columbia,District of Columbia,5072,552,2189,438,246,117,189,108,566,174,874,225,277,134,37,31,0,17,2883,509,256,160,209,117,322,217,1645,282,329,144,97,48,25,29,43.2,7.24651616410287,1001,236,56,5.90901728237508,1016957.48828125,6162.03205452721,1788,377,1016957.48828125,6162.03205452721
102,11001007503,499811,0,Census Tract 75.03,District of Columbia,District of Columbia,2454,230,1019,236,215,82,176,113,68,46,481,100,67,38,12,12,0,12,1435,278,161,80,104,54,62,52,810,191,221,75,57,36,20,19,41.5,8.79428736338762,459,147,58.4,12.8111601472081,825579.1796875,3675.00532452202,786,183,825579.1796875,3675.00532452202
103,11001007504,796618,0,Census Tract 75.04,District of Columbia,District of Columbia,2863,429,1287,445,290,217,195,132,67,78,633,207,100,63,2,4,0,12,1576,446,186,154,79,68,106,66,1004,292,180,82,21,35,0,12,45,14.0077573326249,552,266,59.8,19.9238068693875,1315733.96875,5657.10328580935,923,321,1315733.96875,5657.10328580935
104,11001007601,1107288,141529,Census Tract 76.01,District of Columbia,District of Columbia,4819,498,960,295,81,90,89,69,61,68,521,183,174,107,34,32,0,12,3859,572,361,225,260,133,99,100,2518,400,489,120,100,61,32,28,19.9,5.76505759095491,231,132,24.3,11.4065787164299,1829202.49609375,5863.43061052639,951,310,1829202.49609375,5863.43061052639
105,11001007603,1226618,0,Census Tract 76.03,District of Columbia,District of Columbia,4283,497,1369,610,165,188,97,101,258,177,642,331,59,55,148,139,0,12,2914,535,203,137,109,94,103,103,1654,381,583,186,179,92,83,61,32,13.7509097037939,520,277,55.6,21.695986859997,2025836.4765625,6408.88503016039,935,339,2025836.4765625,6408.88503016039
106,11001007604,1369578,0,Census Tract 76.04,District of Columbia,District of Columbia,4247,425,1057,380,223,183,192,130,0,12,505,171,112,63,16,16,9,14,3190,556,196,126,149,85,75,64,2121,350,532,239,70,53,47,51,24.9,8.59387351669746,415,225,49.7,21.2300541341057,2262378.19140625,6977.42442557167,835,279,2262378.19140625,6977.42442557167
107,11001007605,453791,0,Census Tract 76.05,District of Columbia,District of Columbia,3949,427,1352,329,141,105,94,68,137,97,770,211,202,105,8,12,0,12,2597,506,221,171,92,65,61,70,1652,338,396,86,138,65,37,33,34.2,7.46356886457275,372,158,49.9,12.8374290590335,749611.671875,4717.729053629,746,252,749611.671875,4717.729053629
108,11001007703,1017266,1059,Census Tract 77.03,District of Columbia,District of Columbia,6159,1014,2054,727,236,188,262,177,235,187,940,305,323,174,40,47,18,30,4105,992,262,196,621,362,472,188,2057,509,500,188,103,76,90,90,33.3,10.4491519186173,733,319,35.1,12.1166259985997,1683099.484375,5871.38645190815,2088,554,1683099.484375,5871.38645190815
109,11001007707,842852,0,Census Tract 77.07,District of Columbia,District of Columbia,4366,524,1176,507,168,192,116,107,198,162,534,229,111,62,44,29,5,8,3190,633,212,122,337,215,183,74,1703,359,425,134,206,74,124,72,26.9,11.1534120191623,482,273,39.7,18.8349590409802,1392751.64453125,5677.29779547374,1214,376,1392751.64453125,5677.29779547374
110,11001007708,737121,124915,Census Tract 77.08,District of Columbia,District of Columbia,3039,350,1138,467,176,150,133,124,102,93,560,224,150,124,0,12,17,24,1901,409,158,110,115,83,138,94,1107,264,322,112,61,51,0,12,37.4,14.7493108866739,411,216,50,20.3815770284106,1218330.43359375,5308.42982853543,822,273,1218330.43359375,5308.42982853543
111,11001007709,838021,86864,Census Tract 77.09,District of Columbia,District of Columbia,2515,311,667,173,10,15,59,34,49,45,421,131,119,56,6,9,3,6,1848,316,93,67,68,59,158,91,1120,209,266,71,81,48,62,39,26.5,6.04662256114719,118,58,27,10.0556518452175,1384727.4140625,5685.48578710832,437,140,1384727.4140625,5685.48578710832
112,11001007803,1007761,1639,Census Tract 78.03,District of Columbia,District of Columbia,4070,425,949,354,202,192,48,46,158,110,462,156,69,44,0,12,10,15,3121,497,284,150,129,70,117,89,1878,296,485,119,170,90,58,55,23.3,8.35004158337781,408,226,43.5,19.8668659672869,1668806.04296875,5760.93449280592,938,294,1668806.04296875,5760.93449280592
113,11001007804,839831,4303,Census Tract 78.04,District of Columbia,District of Columbia,3688,630,1047,331,214,172,113,103,145,109,451,150,64,58,36,57,24,26,2641,531,179,104,144,84,98,68,1563,338,406,97,227,249,24,27,28.4,7.55202183487207,472,228,52.9,19.7534161600891,1395555.5859375,5875.60742041071,893,273,1395555.5859375,5875.60742041071
114,11001007806,688867,0,Census Tract 78.06,District of Columbia,District of Columbia,2146,333,481,221,96,96,29,47,39,37,254,109,57,32,6,10,0,12,1665,326,154,95,59,48,64,47,947,184,305,88,104,63,32,24,22.4,9.69314321706161,164,113,37.2,21.6610533825657,1139183.7421875,5301.52952813856,441,162,1139183.7421875,5301.52952813856
115,11001007807,522749,0,Census Tract 78.07,District of Columbia,District of Columbia,2171,213,438,161,55,38,45,55,51,44,235,92,33,26,19,24,0,12,1733,232,89,51,96,65,127,75,1089,151,213,64,74,31,45,32,20.2,7.14689397342864,151,80,32.6,14.3202566647203,864306.03125,4191.77763402498,463,137,864306.03125,4191.77763402498
116,11001007808,937763,6812,Census Tract 78.08,District of Columbia,District of Columbia,3949,529,1048,377,83,87,78,95,122,125,557,238,118,60,46,44,44,54,2901,498,493,279,98,74,205,111,1666,255,241,74,162,85,36,32,26.5,8.86011690254558,283,179,26.2,14.1359283431473,1561490.7421875,5367.09317473079,1079,358,1561490.7421875,5367.09317473079
117,11001007809,535254,0,Census Tract 78.09,District of Columbia,District of Columbia,3493,372,1044,482,120,124,139,101,230,157,521,208,34,30,0,12,0,12,2449,384,119,89,109,80,149,69,1564,323,329,92,129,58,50,43,29.9,13.4268833886489,489,224,56.5,19.3400446273995,885054.09375,4983.87072214171,866,263,885054.09375,4983.87072214171
118,11001007901,401370,0,Census Tract 79.01,District of Columbia,District of Columbia,4061,453,937,321,115,80,122,120,72,52,416,157,190,81,15,23,7,12,3124,400,326,135,117,89,176,89,2065,255,339,134,70,49,31,31,23.1,7.47369289528303,309,153,33.3,14.060336148175,663577.83984375,3326.26824201875,928,240,663577.83984375,3326.26824201875
119,11001007903,247945,0,Census Tract 79.03,District of Columbia,District of Columbia,1971,292,321,227,47,64,16,39,26,30,167,106,34,33,28,23,3,5,1650,226,192,85,12,11,69,41,1058,148,253,62,47,28,19,17,16.3,11.2614289802785,89,81,24.6,20.7096470168884,409923.48828125,2801.78521280546,362,125,409923.48828125,2801.78521280546
120,11001008001,322795,0,Census Tract 80.01,District of Columbia,District of Columbia,3074,328,111,67,0,12,0,12,0,12,78,53,24,34,9,14,0,12,2963,350,454,147,159,93,13,18,2042,266,170,71,67,46,58,56,3.6,2.1452455926298,0,21,0,3.35463258785942,533673.01171875,3036.13380054872,626,176,533673.01171875,3036.13380054872
121,11001008002,579629,0,Census Tract 80.02,District of Columbia,District of Columbia,3460,268,252,172,24,35,0,12,18,25,162,117,48,45,0,12,0,12,3208,304,393,102,104,55,80,52,2089,212,407,115,112,67,23,26,7.3,4.93898466648973,42,45,6.8,7.11774359431616,958159.328125,4988.06083178915,619,135,958159.328125,4988.06083178915
122,11001008100,290283,0,Census Tract 81,District of Columbia,District of Columbia,3267,225,54,63,0,12,0,12,0,12,54,63,0,12,0,12,0,12,3213,233,368,94,122,49,49,38,2230,191,313,74,83,33,48,56,1.7,1.92501175949759,0,21,0,3.8961038961039,479873.89453125,2986.79586768652,539,115,479873.89453125,2986.79586768652
123,11001008200,338424,0,Census Tract 82,District of Columbia,District of Columbia,2821,291,225,182,0,12,0,12,0,12,223,183,2,4,0,12,0,12,2596,271,201,61,110,59,57,52,1738,200,397,85,93,62,0,12,8,6.39893639519136,0,21,0,5.70652173913043,559437.359375,3907.70288449043,368,102,559437.359375,3907.70288449043
124,11001008301,303973,0,Census Tract 83.01,District of Columbia,District of Columbia,2350,303,81,50,0,12,0,12,0,12,81,50,0,12,0,12,0,12,2269,311,236,87,56,49,21,24,1588,246,334,109,34,26,0,12,3.4,2.08072767304839,0,21,0,6.70926517571885,502566.29296875,3047.61819394524,313,105,502566.29296875,3047.61819394524
125,11001008302,260891,0,Census Tract 83.02,District of Columbia,District of Columbia,2404,189,84,43,0,12,0,12,0,12,80,44,4,7,0,12,0,12,2320,191,185,67,123,35,87,39,1613,151,227,89,39,29,46,33,3.5,1.76746460255696,0,21,0,5.31645569620253,431329.88671875,3054.18651503745,395,88,431329.88671875,3054.18651503745
126,11001008402,274180,0,Census Tract 84.02,District of Columbia,District of Columbia,2346,299,203,85,0,12,0,12,2,7,50,56,77,59,65,50,9,14,2143,301,139,66,0,12,28,34,1664,286,241,93,21,24,50,34,8.7,3.45126722139851,2,18,1.2,10.636693500602,453327.0703125,3466.79290547058,169,77,453327.0703125,3466.79290547058
127,11001008410,219938,0,Census Tract 84.10,District of Columbia,District of Columbia,1519,239,87,50,0,12,0,12,0,12,56,37,27,25,0,12,4,7,1432,237,142,71,40,32,19,21,1125,165,91,50,15,16,0,12,5.7,3.16588070534112,0,21,0,10.4477611940299,363672.828125,2998.61753106588,201,83,363672.828125,2998.61753106588
128,11001008701,382687,0,Census Tract 87.01,District of Columbia,District of Columbia,2359,450,155,89,0,12,0,12,0,12,133,77,14,20,8,13,0,12,2204,438,52,38,29,30,46,46,1783,348,172,74,56,60,66,41,6.6,3.55849765049898,0,21,0,16.5354330708661,632995.609375,3476.81499805413,127,70,632995.609375,3476.81499805413
129,11001008702,469972,0,Census Tract 87.02,District of Columbia,District of Columbia,2751,309,553,160,24,28,43,33,7,12,392,122,55,40,25,20,7,7,2198,353,183,75,38,32,61,49,1698,244,180,69,6,8,32,23,20.1,5.3599043813475,74,45,20.8,11.0454257098803,777398.296875,4761.94278937577,356,105,777398.296875,4761.94278937577
130,11001008802,468578,0,Census Tract 88.02,District of Columbia,District of Columbia,4300,431,770,263,143,122,0,12,15,24,408,166,108,62,78,46,18,19,3530,402,232,133,147,85,107,72,2278,299,547,171,152,53,67,42,17.9,5.84699407779056,158,125,24.5,17.6238729888237,774853.47265625,3641.49607937174,644,214,774853.47265625,3641.49607937174
131,11001008803,1165234,0,Census Tract 88.03,District of Columbia,District of Columbia,1767,297,859,291,87,48,84,50,112,68,509,194,67,59,0,12,0,12,908,191,79,59,45,32,45,35,645,140,90,51,0,12,4,7,48.6,14.2985608424443,283,97,62.6,13.0304731036655,1927222.51171875,6846.51689120056,452,123,1927222.51171875,6846.51689120056
132,11001008804,778052,0,Census Tract 88.04,District of Columbia,District of Columbia,2537,311,617,193,12,20,54,69,42,40,456,158,34,39,10,16,9,14,1920,310,106,62,71,48,112,79,1307,278,217,87,104,62,3,9,24.3,6.99889888791083,108,82,27.2,18.3502709920637,1286840.58203125,5079.7137836681,397,138,1286840.58203125,5079.7137836681
133,11001008903,305651,0,Census Tract 89.03,District of Columbia,District of Columbia,3252,403,873,382,245,159,74,78,30,47,459,204,57,55,0,12,8,12,2379,379,87,91,133,104,90,80,1660,224,314,106,56,39,39,34,26.8,11.2656937511928,349,183,53,19.7244985747992,505436.56640625,3743.378375745,659,243,505436.56640625,3743.378375745
134,11001008904,449343,0,Census Tract 89.04,District of Columbia,District of Columbia,3680,383,1079,301,157,144,34,35,46,39,676,190,120,61,24,28,22,26,2601,393,246,117,190,88,92,72,1752,325,266,78,49,39,6,10,29.3,7.58878106295766,237,153,31,17.8250458213448,742986.1328125,4034.66289491237,765,224,742986.1328125,4034.66289491237
135,11001009000,1430009,32262,Census Tract 90,District of Columbia,District of Columbia,3523,234,652,152,0,12,0,12,32,38,170,89,279,108,162,88,9,16,2871,283,402,147,107,72,78,67,1367,217,629,143,259,107,29,28,18.5,4.13568729088511,32,42,5.2,6.61122244116446,2400056.09375,6902.85070919323,619,182,2400056.09375,6902.85070919323
136,11001009102,1835339,453,Census Tract 91.02,District of Columbia,District of Columbia,5175,519,1577,538,207,211,221,185,218,133,731,240,171,89,29,31,0,17,3598,482,315,161,118,83,326,147,2261,293,433,135,71,42,74,39,30.5,9.93677097922114,646,311,46,18.1180795666454,3036982.4921875,8137.52297097977,1405,388,3036982.4921875,8137.52297097977
137,11001009201,640834,0,Census Tract 92.01,District of Columbia,District of Columbia,2395,332,498,203,0,12,25,27,6,10,423,207,27,27,11,17,6,14,1897,228,211,61,73,42,61,75,1277,155,178,69,65,43,32,30,20.8,7.97082948815444,31,31,8.2,7.88846962195203,1060438.859375,4288.79849046897,376,110,1060438.859375,4288.79849046897
138,11001009203,581089,0,Census Tract 92.03,District of Columbia,District of Columbia,2792,356,524,267,0,12,61,53,73,83,340,161,40,36,10,19,0,12,2268,359,103,80,182,138,64,61,1395,172,356,107,91,41,77,65,18.8,9.25878111997332,134,99,27.7,17.082981090895,961387.66796875,4435.25857998742,483,198,961387.66796875,4435.25857998742
139,11001009204,302795,0,Census Tract 92.04,District of Columbia,District of Columbia,2918,312,823,231,90,81,126,82,32,38,388,140,118,56,61,44,8,12,2095,340,173,111,150,119,91,55,1219,212,257,97,176,86,29,26,28.2,7.31948237855009,248,121,37.5,13.86136869504,500982.9609375,3243.38102003423,662,210,500982.9609375,3243.38102003423
140,11001009301,1097297,0,Census Tract 93.01,District of Columbia,District of Columbia,3468,406,361,163,8,12,0,12,0,12,217,113,71,79,50,40,15,21,3107,428,318,131,123,62,132,65,1825,256,411,130,170,108,128,62,10.4,4.5393835815847,8,21,1.4,3.59378667374801,1815874.36328125,5885.56917387804,581,160,1815874.36328125,5885.56917387804
141,11001009302,398354,0,Census Tract 93.02,District of Columbia,District of Columbia,1279,176,155,83,0,12,11,14,10,15,96,69,11,10,27,25,0,12,1124,188,80,48,14,14,36,39,744,109,173,90,42,35,35,33,12.1,6.27151171554921,21,24,13.9,14.6205292763707,659119.98828125,3541.95195350202,151,68,659119.98828125,3541.95195350202
142,11001009400,1582842,0,Census Tract 94,District of Columbia,District of Columbia,4908,463,409,222,0,12,0,12,9,14,283,198,62,43,33,26,22,24,4499,450,512,184,159,84,223,88,2606,285,613,107,273,96,113,51,8.3,4.45438921209561,9,22,1,2.4239239490818,2619840.02734375,7071.73057655183,903,222,2619840.02734375,7071.73057655183
143,11001009501,1595269,0,Census Tract 95.01,District of Columbia,District of Columbia,5438,582,568,228,16,24,0,17,49,50,383,199,73,64,47,53,0,17,4870,572,702,264,456,133,316,134,2852,320,426,118,107,53,11,17,10.4,4.04094554084769,65,58,4.2,3.65969234612243,2640777.5859375,8046.68693146489,1539,330,2640777.5859375,8046.68693146489
144,11001009503,1422862,746,Census Tract 95.03,District of Columbia,District of Columbia,3071,287,166,117,0,12,0,12,0,12,105,104,39,42,22,29,0,12,2905,276,156,111,133,120,266,102,1512,254,452,116,229,78,157,70,5.4,3.77619468630686,0,21,0,3.78378378378378,2356722.015625,7013.53644891213,555,194,2356722.015625,7013.53644891213
145,11001009504,1026343,0,Census Tract 95.04,District of Columbia,District of Columbia,3023,438,300,159,0,12,0,12,0,12,190,109,40,49,47,63,23,30,2723,430,235,109,126,91,68,51,1690,277,394,121,111,55,99,54,9.9,5.05932059018141,0,21,0,4.8951048951049,1698956.7109375,5441.83089169486,429,152,1698956.7109375,5441.83089169486
146,11001009505,1033853,0,Census Tract 95.05,District of Columbia,District of Columbia,2926,334,335,140,0,12,0,12,34,38,203,110,40,36,18,20,40,47,2591,373,202,92,202,96,137,78,1367,295,325,99,192,76,166,72,11.4,4.60274472777781,34,42,5.9,7.11822586592058,1712386.546875,5903.95459780622,575,160,1712386.546875,5903.95459780622
147,11001009507,293853,0,Census Tract 95.07,District of Columbia,District of Columbia,1924,256,266,164,82,84,21,31,11,16,94,68,30,30,28,20,0,12,1658,296,107,73,191,101,60,39,978,186,164,41,100,41,58,27,13.8,8.32304477638795,114,91,24.2,17.468121105473,486665.44140625,3190.81259230734,472,159,486665.44140625,3190.81259230734
148,11001009508,937117,28,Census Tract 95.08,District of Columbia,District of Columbia,3691,450,512,192,0,12,16,24,0,12,319,144,107,77,37,45,33,39,3179,422,184,115,168,114,211,113,1773,336,530,117,171,74,142,65,13.9,4.91924931128944,16,29,2.8,4.91471243294432,1551853.96484375,7407.15860914616,579,200,1551853.96484375,7407.15860914616
149,11001009509,644068,0,Census Tract 95.09,District of Columbia,District of Columbia,3314,326,129,79,0,12,0,12,0,12,40,37,16,19,15,18,58,53,3185,337,358,170,198,104,214,119,1636,249,491,146,189,79,99,50,3.9,2.35287132417794,0,21,0,2.72727272727273,1066396.578125,4256.64552303122,770,233,1066396.578125,4256.64552303122
150,11001009601,1884942,180632,Census Tract 96.01,District of Columbia,District of Columbia,2537,254,1040,297,131,78,139,98,148,84,537,179,63,52,13,13,9,13,1497,233,94,51,73,62,117,64,901,180,228,76,55,48,29,21,41,10.9637354609809,418,151,59.5,14.9520258596829,3120513.80078125,13448.5497050319,702,182,3120513.80078125,13448.5497050319
151,11001009602,1298021,65712,Census Tract 96.02,District of Columbia,District of Columbia,3675,573,1539,469,345,273,169,110,109,139,737,282,161,79,18,20,0,12,2136,472,230,137,127,114,138,103,1402,365,195,77,44,34,0,12,41.9,10.9650404527844,623,325,55.7,21.8378115548427,1731606.59375,7418.64018032461,1118,385,1731606.59375,7418.64018032461
152,11001009603,625729,0,Census Tract 96.03,District of Columbia,District of Columbia,3625,631,410,137,3,10,0,12,48,46,283,119,37,36,20,23,19,31,3215,653,337,239,127,108,131,80,2078,404,352,120,56,43,134,71,11.3,3.22600246442573,51,49,7.9,6.77771427982306,1034370.6875,4919.87286830189,646,278,1034370.6875,4919.87286830189
153,11001009604,488070,65762,Census Tract 96.04,District of Columbia,District of Columbia,2189,234,264,101,0,12,0,12,0,12,117,76,147,73,0,12,0,12,1925,243,146,106,89,44,82,44,1013,217,448,89,74,37,73,67,12.1,4.43020366147697,0,21,0,6.62460567823344,806830.9921875,3909.28379424641,317,125,806830.9921875,3909.28379424641
154,11001009700,403011,6751,Census Tract 97,District of Columbia,District of Columbia,3255,404,1172,414,243,159,164,120,82,83,553,243,95,70,35,34,0,12,2083,460,154,106,162,101,159,102,1200,309,287,94,121,70,0,12,36,11.9079222867373,489,216,50.7,16.8869124978663,676275.03515625,4351.2408765431,964,280,676275.03515625,4351.2408765431
155,11001009801,431383,17249,Census Tract 98.01,District of Columbia,District of Columbia,2301,281,953,302,218,112,174,95,159,82,334,122,53,35,13,21,2,4,1348,268,60,48,145,70,81,68,809,187,159,57,55,58,39,31,41.4,12.1110133326404,551,168,65.8,12.4465925003415,740425.3671875,4174.89242305282,837,200,740425.3671875,4174.89242305282
156,11001009802,200745,0,Census Tract 98.02,District of Columbia,District of Columbia,2051,234,985,221,218,88,184,70,50,36,513,150,15,15,5,8,0,12,1066,235,44,38,98,71,82,51,674,175,131,46,21,16,16,15,48,9.27811853875944,452,118,66.9,8.89846746638074,331280.96875,2726.60603088217,676,152,331280.96875,2726.60603088217
157,11001009803,531058,0,Census Tract 98.03,District of Columbia,District of Columbia,3081,460,1285,342,231,150,100,74,153,86,595,170,198,86,8,13,0,12,1796,392,120,117,116,79,172,98,1051,249,263,80,65,56,9,15,41.7,9.18918868384244,484,188,54.3,14.2718468001549,876505.625,4108.73659471516,892,255,876505.625,4108.73659471516
158,11001009804,518364,0,Census Tract 98.04,District of Columbia,District of Columbia,2826,281,957,309,84,63,174,90,110,63,524,184,62,38,3,5,0,12,1869,290,130,63,142,53,126,61,1144,218,250,55,67,35,10,11,33.9,10.4027905123353,368,127,48,13.0645363396352,855645.25,4803.75235264296,766,163,855645.25,4803.75235264296
159,11001009807,1037014,0,Census Tract 98.07,District of Columbia,District of Columbia,3290,434,1041,395,110,89,131,107,93,71,588,221,77,44,36,36,6,9,2249,379,153,116,136,105,116,81,1315,255,362,92,160,86,7,11,31.6,11.2571737579364,334,156,45.2,15.4326188032781,1711265.2421875,6497.31150563863,739,235,1711265.2421875,6497.31150563863
160,11001009810,398420,14058,Census Tract 98.10,District of Columbia,District of Columbia,2895,392,1080,392,272,176,71,77,13,21,627,234,97,58,0,12,0,12,1815,435,184,86,172,110,97,85,1118,321,192,87,31,47,21,35,37.3,12.5630709388855,356,193,44,19.483926142161,680629.0078125,3614.49330438025,809,253,680629.0078125,3614.49330438025
161,11001009811,467504,0,Census Tract 98.11,District of Columbia,District of Columbia,5163,558,1841,480,315,242,211,121,162,99,926,245,196,111,31,38,0,17,3322,530,187,103,239,127,396,161,2141,391,281,107,66,50,12,19,35.7,8.4605748101732,688,288,45.6,15.4936265950655,771412.70703125,4573.46263086629,1510,368,771412.70703125,4573.46263086629
162,11001009901,2102151,0,Census Tract 99.01,District of Columbia,District of Columbia,2890,366,270,175,0,12,0,12,0,12,132,97,92,83,23,24,23,22,2620,367,122,82,194,85,116,78,1449,242,457,111,181,53,101,47,9.3,5.93864637116044,0,21,0,4.86111111111111,3473407.65234375,7642.71832684611,432,143,3473407.65234375,7642.71832684611
163,11001009902,1294559,0,Census Tract 99.02,District of Columbia,District of Columbia,3105,360,487,251,57,72,0,12,18,22,246,157,90,85,50,47,26,28,2618,356,130,71,164,70,144,74,1543,281,433,151,142,58,62,43,15.7,7.87654244910437,75,76,14.6,14.2226510816894,2138797.8515625,6873.748049006,513,146,2138797.8515625,6873.748049006
164,11001009903,383679,0,Census Tract 99.03,District of Columbia,District of Columbia,1952,217,376,171,7,13,51,41,77,67,201,87,31,29,0,12,9,14,1576,250,106,73,84,55,71,47,1033,164,194,54,33,26,55,32,19.3,8.49449952731384,135,80,34.1,16.8163968666348,634188.76171875,4146.32199784477,396,130,634188.76171875,4146.32199784477
165,11001009904,426198,0,Census Tract 99.04,District of Columbia,District of Columbia,2948,482,1040,323,333,191,149,99,22,25,474,142,62,30,0,12,0,12,1908,459,293,162,91,53,159,57,1219,286,126,58,15,16,5,9,35.3,9.31540722117255,504,217,48.1,16.1983718479453,704402.4609375,3862.80888761728,1047,281,704402.4609375,3862.80888761728
166,11001009905,431557,0,Census Tract 99.05,District of Columbia,District of Columbia,2852,389,810,251,107,94,99,81,118,88,395,122,80,53,0,12,11,18,2042,396,190,110,127,68,88,57,1293,314,251,112,93,72,0,12,28.4,7.90244244969032,324,152,44.4,16.577478455344,713249.5703125,3739.60436921376,729,208,713249.5703125,3739.60436921376
167,11001009906,252684,0,Census Tract 99.06,District of Columbia,District of Columbia,1623,252,371,128,18,21,0,12,72,57,204,87,64,31,2,4,11,11,1252,234,68,49,101,69,66,43,799,157,169,57,21,16,28,22,22.9,7.04284778178957,90,62,27.7,16.4505095908551,417657.11328125,2755.68005871659,325,113,417657.11328125,2755.68005871659
168,11001009907,466954,0,Census Tract 99.07,District of Columbia,District of Columbia,2773,298,800,239,88,89,105,103,151,117,446,137,10,17,0,12,0,12,1973,388,80,76,166,120,140,101,1251,297,215,84,113,74,8,15,28.8,8.04189965108534,344,179,47.1,18.4574189373809,771711.2890625,4083.37616336483,730,250,771711.2890625,4083.37616336483
169,11001010100,580133,0,Census Tract 101,District of Columbia,District of Columbia,2801,223,463,194,0,12,0,12,0,12,348,155,85,78,30,47,0,12,2338,222,120,114,19,21,35,37,1835,205,233,99,41,31,55,39,16.5,6.79992243758867,0,21,0,12.0689655172414,959294.12109375,4429.85228320694,174,123,959294.12109375,4429.85228320694
170,11001010200,1243394,137330,Census Tract 102,District of Columbia,District of Columbia,2724,284,205,115,16,21,25,33,0,12,134,75,3,6,19,29,8,18,2519,290,149,117,27,24,43,37,1697,242,409,112,132,55,62,47,7.5,4.14818065480494,41,41,15.8,13.5923484392755,2056800.3671875,6895.95735224422,260,132,2056800.3671875,6895.95735224422
171,11001010300,1084530,61,Census Tract 103,District of Columbia,District of Columbia,3326,467,405,175,42,57,21,28,18,19,296,133,20,19,8,12,0,12,2921,417,127,70,232,116,177,105,1727,312,442,131,163,64,53,72,12.2,4.97604273517601,81,66,13.1,9.95985683585765,1797137.8359375,6931.49886789289,617,184,1797137.8359375,6931.49886789289
172,11001010400,2744444,83,Census Tract 104,District of Columbia,District of Columbia,4203,577,1157,509,113,113,85,95,82,116,727,398,115,79,35,33,0,12,3046,513,165,102,321,132,411,231,1782,318,242,100,71,42,54,46,27.5,11.5056505570483,280,188,23.8,14.4055749979673,4531479.0390625,10009.9142104949,1177,341,4531479.0390625,10009.9142104949
173,11001010500,749889,0,Census Tract 105,District of Columbia,District of Columbia,3624,298,781,264,38,40,30,31,96,98,452,180,110,69,55,76,0,12,2843,310,114,88,68,78,0,12,2347,273,208,102,106,87,0,12,21.6,7.06593734233436,164,110,47.4,22.8079246251716,1239276.328125,4758.20906758736,346,162,1239276.328125,4758.20906758736
174,11001010600,1231590,0,Census Tract 106,District of Columbia,District of Columbia,7167,592,899,268,0,17,0,17,12,23,831,255,56,51,0,17,0,17,6268,560,260,106,105,59,110,97,5413,489,342,144,11,17,27,32,12.5,3.59295044168787,12,33,2.5,6.72693628657582,2036555.328125,6759.81819614806,487,159,2036555.328125,6759.81819614806
175,11001010700,891593,0,Census Tract 107,District of Columbia,District of Columbia,1589,140,322,110,0,12,0,12,0,12,320,110,0,12,2,4,0,12,1267,148,9,13,0,12,0,12,1049,147,140,39,65,43,4,7,20.3,6.68839515271525,0,21,0,233.333333333333,1474360.09375,4919.35612430557,9,30,1474360.09375,4919.35612430557
176,11001010800,661579,0,Census Tract 108,District of Columbia,District of Columbia,1263,172,576,149,0,17,0,17,0,17,535,138,40,65,1,3,0,17,687,129,0,17,0,17,0,17,589,126,71,38,6,9,21,14,45.6,10.0301060923713,0,29,,,1093808.80078125,4478.86730839099,0,42,1093808.80078125,4478.86730839099
177,11001010900,2379832,2936613,Census Tract 109,District of Columbia,District of Columbia,4043,810,1772,723,286,133,123,79,171,115,1130,611,62,50,0,12,0,12,2271,480,295,137,199,121,177,148,1347,280,244,80,0,12,9,13,43.8,15.5784505945516,580,193,46.4,10.5263348726256,3943687.66015625,12536.8102282983,1251,304,3943687.66015625,12536.8102282983
178,11001011000,649469,368702,Census Tract 110,District of Columbia,District of Columbia,3667,356,242,129,0,12,0,12,0,12,213,131,16,27,13,22,0,12,3425,366,98,119,61,87,58,69,1977,301,819,178,333,141,79,55,6.6,3.45902844501509,0,21,0,9.67741935483871,1073002.84375,5981.05810741179,217,164,1073002.84375,5981.05810741179
179,11001011100,5715826,365541,Census Tract 111,District of Columbia,District of Columbia,5304,566,1123,468,0,17,65,60,6,11,835,389,166,75,44,70,7,17,4181,480,424,141,255,120,199,69,2293,329,697,151,165,72,148,85,21.2,8.52935379715791,71,63,7.5,6.43285444233291,9481230.296875,23605.4880349697,949,207,9481230.296875,23605.4880349697
